Address,Fasl,weight,khanevartype,province,town,Hoghugh_Income,Azad_Income,Other_Income,Yarane_Income,total_netincome
11401171708,4,266.33901304883,1,CharmahalBakhtiari,1,292840000.0,0.0,0.0,10920000.0,303760000.0
11401171711,4,266.33901304883,1,CharmahalBakhtiari,1,367930018.0,200000000.0,5190000.0,21840000.0,594960018.0
11401171714,4,266.33901304883,1,CharmahalBakhtiari,1,267965009.0,0.0,5190000.0,21840000.0,294995009.0
11401171717,4,266.33901304883,1,CharmahalBakhtiari,1,0.0,0.0,180000000.0,5460000.0,185460000.0
11401171720,4,266.33901304883,1,CharmahalBakhtiari,1,100000000.0,0.0,180000000.0,16380000.0,296380000.0
11401171723,4,266.33901304883,1,CharmahalBakhtiari,1,271100000.0,0.0,4140000.0,16380000.0,291620000.0
11401171808,1,266.33901304883,1,CharmahalBakhtiari,1,36000000.0,0.0,21220000.0,10920000.0,68140000.0
11401171811,1,266.33901304883,1,CharmahalBakhtiari,1,0.0,280000000.0,40800000.0,21840000.0,342640000.0
11401171814,1,266.33901304883,1,CharmahalBakhtiari,1,240000000.0,0.0,0.0,27300000.0,267300000.0
11401171817,1,266.33901304883,1,CharmahalBakhtiari,1,30000000.0,0.0,13710000.0,10920000.0,54630000.0
11401171820,1,266.33901304883,1,CharmahalBakhtiari,1,108000000.0,0.0,720000.0,16835000.0,125555000.0
11401171823,1,266.33901304883,1,CharmahalBakhtiari,1,0.0,240000000.0,0.0,21840000.0,261840000.0
11401171908,2,266.33901304883,1,CharmahalBakhtiari,1,192000000.0,0.0,218500000.0,21840000.0,432340000.0
11401171911,2,266.33901304883,1,CharmahalBakhtiari,1,350000000.0,0.0,4000000.0,16380000.0,370380000.0
11401171914,2,266.33901304883,1,CharmahalBakhtiari,1,0.0,250000000.0,4000000.0,5460000.0,259460000.0
11401171917,2,266.33901304883,1,CharmahalBakhtiari,1,402111000.0,0.0,4700000.0,25480000.0,432291000.0
11401171920,2,266.33901304883,1,CharmahalBakhtiari,1,372000000.0,0.0,4500000.0,21840000.0,398340000.0
11401171923,2,266.33901304883,1,CharmahalBakhtiari,1,120000000.0,185000000.0,6000000.0,21840000.0,332840000.0
11401172011,3,319.606815658596,1,CharmahalBakhtiari,1,200000000.0,0.0,1200000.0,16380000.0,217580000.0
11401172014,3,319.606815658596,1,CharmahalBakhtiari,1,0.0,70000000.0,163000000.0,38220000.0,271220000.0
11401172017,3,319.606815658596,1,CharmahalBakhtiari,1,225000000.0,0.0,0.0,21840000.0,246840000.0
11401172020,3,319.606815658596,1,CharmahalBakhtiari,1,398000000.0,0.0,0.0,21840000.0,419840000.0
11401172023,3,319.606815658596,1,CharmahalBakhtiari,1,400000000.0,0.0,0.0,21840000.0,421840000.0
11401172108,4,266.33901304883,1,CharmahalBakhtiari,1,0.0,0.0,291000000.0,10920000.0,301920000.0
11401172111,4,266.33901304883,1,CharmahalBakhtiari,1,160000000.0,0.0,14350000.0,27300000.0,201650000.0
11401172114,4,266.33901304883,1,CharmahalBakhtiari,1,175000000.0,0.0,64200000.0,16380000.0,255580000.0
11401172117,4,266.33901304883,1,CharmahalBakhtiari,1,311000000.0,0.0,99550000.0,21840000.0,432390000.0
11401172120,4,266.33901304883,1,CharmahalBakhtiari,1,0.0,30000000.0,218900000.0,10920000.0,259820000.0
11401172123,4,266.33901304883,1,CharmahalBakhtiari,1,0.0,410000000.0,13500000.0,21840000.0,445340000.0
11401172208,1,319.606815658596,1,CharmahalBakhtiari,1,194730000.0,120000000.0,2400000.0,16380000.0,333510000.0
11401172211,1,319.606815658596,1,CharmahalBakhtiari,1,268987402.0,0.0,900000.0,21840000.0,291727402.0
11401172217,1,319.606815658596,1,CharmahalBakhtiari,1,0.0,300000000.0,3500000.0,27300000.0,330800000.0
11401172220,1,319.606815658596,1,CharmahalBakhtiari,1,0.0,0.0,52230000.0,21840000.0,74070000.0
11401172223,1,319.606815658596,1,CharmahalBakhtiari,1,153787402.0,0.0,210000000.0,21840000.0,385627402.0
11401172308,2,319.606815658596,1,CharmahalBakhtiari,1,0.0,480000000.0,351325000.0,16380000.0,847705000.0
11401172311,2,319.606815658596,1,CharmahalBakhtiari,1,0.0,600000000.0,0.0,21840000.0,621840000.0
11401172314,2,319.606815658596,1,CharmahalBakhtiari,1,0.0,250000000.0,0.0,10920000.0,260920000.0
11401172320,2,319.606815658596,1,CharmahalBakhtiari,1,0.0,240000000.0,800000.0,10920000.0,251720000.0
11401172323,2,319.606815658596,1,CharmahalBakhtiari,1,0.0,0.0,80000000.0,5460000.0,85460000.0
11401172408,3,266.33901304883,1,CharmahalBakhtiari,1,600000000.0,0.0,0.0,21840000.0,621840000.0
11401172412,3,266.33901304883,1,CharmahalBakhtiari,1,0.0,0.0,2000000.0,27300000.0,29300000.0
11401172415,3,266.33901304883,1,CharmahalBakhtiari,1,346000000.0,0.0,1340000.0,21840000.0,369180000.0
11401172417,3,266.33901304883,1,CharmahalBakhtiari,1,191350000.0,0.0,1380000.0,16380000.0,209110000.0
11401172420,3,266.33901304883,1,CharmahalBakhtiari,1,0.0,360000000.0,174000000.0,10920000.0,544920000.0
11401172423,3,266.33901304883,1,CharmahalBakhtiari,1,227509416.0,0.0,1730000.0,21840000.0,251079416.0
11401172517,4,1598.03407829298,1,CharmahalBakhtiari,1,0.0,0.0,162220000.0,10920000.0,173140000.0
11401172608,1,266.33901304883,1,CharmahalBakhtiari,1,0.0,360000000.0,36800000.0,21840000.0,418640000.0
11401172612,1,266.33901304883,1,CharmahalBakhtiari,1,0.0,335000000.0,1800000.0,32760000.0,369560000.0
11401172614,1,266.33901304883,1,CharmahalBakhtiari,1,192000000.0,0.0,8870000.0,14105000.0,214975000.0
11401172617,1,266.33901304883,1,CharmahalBakhtiari,1,0.0,257000000.0,0.0,21840000.0,278840000.0
11401172620,1,266.33901304883,1,CharmahalBakhtiari,1,0.0,240000000.0,0.0,21840000.0,261840000.0
11401172623,1,266.33901304883,1,CharmahalBakhtiari,1,0.0,0.0,167600000.0,10920000.0,178520000.0
11401172708,2,319.606815658596,1,CharmahalBakhtiari,1,0.0,700000000.0,400000000.0,21840000.0,1121840000.0
11401172711,2,319.606815658596,1,CharmahalBakhtiari,1,0.0,180000000.0,174000000.0,21840000.0,375840000.0
11401172717,2,319.606815658596,1,CharmahalBakhtiari,1,96000000.0,0.0,58000000.0,10920000.0,164920000.0
11401172720,2,319.606815658596,1,CharmahalBakhtiari,1,360000000.0,0.0,2000000.0,27300000.0,389300000.0
11401172723,2,319.606815658596,1,CharmahalBakhtiari,1,0.0,580000000.0,0.0,27300000.0,607300000.0
11401172808,3,319.606815658596,1,CharmahalBakhtiari,1,620000000.0,0.0,0.0,16380000.0,636380000.0
11401172811,3,319.606815658596,1,CharmahalBakhtiari,1,0.0,0.0,337000000.0,10920000.0,347920000.0
11401172815,3,319.606815658596,1,CharmahalBakhtiari,1,0.0,0.0,743000000.0,0.0,743000000.0
11401172818,3,319.606815658596,1,CharmahalBakhtiari,1,100000000.0,480000000.0,220000000.0,27300000.0,827300000.0
11401172823,3,319.606815658596,1,CharmahalBakhtiari,1,250000000.0,0.0,1380000.0,16380000.0,267760000.0
11401172911,4,319.606815658596,1,CharmahalBakhtiari,1,1060020000.0,0.0,0.0,0.0,1060020000.0
11401172914,4,319.606815658596,1,CharmahalBakhtiari,1,226000000.0,0.0,0.0,10920000.0,236920000.0
11401172917,4,319.606815658596,1,CharmahalBakhtiari,1,289700000.0,216000000.0,0.0,16380000.0,522080000.0
11401172920,4,319.606815658596,1,CharmahalBakhtiari,1,372650000.0,0.0,4140000.0,16380000.0,393170000.0
11401172923,4,319.606815658596,1,CharmahalBakhtiari,1,0.0,0.0,158000000.0,5460000.0,163460000.0
11401173008,1,319.606815658596,1,CharmahalBakhtiari,1,110000000.0,480000000.0,2500000.0,21840000.0,614340000.0
11401173011,1,319.606815658596,1,CharmahalBakhtiari,1,0.0,0.0,381325000.0,21840000.0,403165000.0
11401173014,1,319.606815658596,1,CharmahalBakhtiari,1,0.0,0.0,227322500.0,5460000.0,232782500.0
11401173020,1,319.606815658596,1,CharmahalBakhtiari,1,0.0,570000000.0,2500000.0,16380000.0,588880000.0
11401173023,1,319.606815658596,1,CharmahalBakhtiari,1,336650000.0,480000000.0,0.0,21840000.0,838490000.0
11401173108,2,319.606815658596,1,CharmahalBakhtiari,1,89600000.0,84000000.0,130000000.0,21840000.0,325440000.0
11401173111,2,319.606815658596,1,CharmahalBakhtiari,1,0.0,10950000.0,35000000.0,10920000.0,56870000.0
11401173114,2,319.606815658596,1,CharmahalBakhtiari,1,0.0,0.0,600000000.0,10920000.0,610920000.0
11401173117,2,319.606815658596,1,CharmahalBakhtiari,1,129600000.0,0.0,158970000.0,16380000.0,304950000.0
11401173123,2,319.606815658596,1,CharmahalBakhtiari,1,420000000.0,0.0,0.0,16380000.0,436380000.0
11401173208,3,319.606815658596,1,CharmahalBakhtiari,1,236548000.0,0.0,4120000.0,21840000.0,262508000.0
11401173211,3,319.606815658596,1,CharmahalBakhtiari,1,300000000.0,0.0,16300000.0,27300000.0,343600000.0
11401173214,3,319.606815658596,1,CharmahalBakhtiari,1,0.0,0.0,30000000.0,5460000.0,35460000.0
11401173217,3,319.606815658596,1,CharmahalBakhtiari,1,0.0,0.0,82500000.0,10920000.0,93420000.0
11401173223,3,319.606815658596,1,CharmahalBakhtiari,1,0.0,0.0,550000.0,5460000.0,6010000.0
11401173308,4,266.33901304883,1,CharmahalBakhtiari,1,384960000.0,0.0,10150000.0,27300000.0,422410000.0
11401173311,4,266.33901304883,1,CharmahalBakhtiari,1,236135000.0,0.0,14150000.0,27300000.0,277585000.0
11401173314,4,266.33901304883,1,CharmahalBakhtiari,1,730000000.0,60000000.0,5000000.0,32760000.0,827760000.0
11401173317,4,266.33901304883,1,CharmahalBakhtiari,1,0.0,110000000.0,498000000.0,16380000.0,624380000.0
11401173320,4,266.33901304883,1,CharmahalBakhtiari,1,193905000.0,0.0,13000000.0,21840000.0,228745000.0
11401173323,4,266.33901304883,1,CharmahalBakhtiari,1,0.0,160000000.0,303000000.0,0.0,463000000.0
11401173408,1,266.33901304883,1,CharmahalBakhtiari,1,0.0,96000000.0,159320000.0,10920000.0,266240000.0
11401173411,1,266.33901304883,1,CharmahalBakhtiari,1,153787402.0,0.0,0.0,21840000.0,175627402.0
11401173414,1,266.33901304883,1,CharmahalBakhtiari,1,374907402.0,0.0,2500000.0,16380000.0,393787402.0
11401173417,1,266.33901304883,1,CharmahalBakhtiari,1,0.0,0.0,1800000.0,36855000.0,38655000.0
11401173420,1,266.33901304883,1,CharmahalBakhtiari,1,60000000.0,250000000.0,0.0,27300000.0,337300000.0
11401173423,1,266.33901304883,1,CharmahalBakhtiari,1,468458000.0,0.0,5900000.0,15015000.0,489373000.0
11401173508,2,319.606815658596,1,CharmahalBakhtiari,1,182025840.0,0.0,28100000.0,16380000.0,226505840.0
11401173514,2,319.606815658596,1,CharmahalBakhtiari,1,0.0,240000000.0,1400000.0,16380000.0,257780000.0
11401173517,2,319.606815658596,1,CharmahalBakhtiari,1,0.0,0.0,24000000.0,5460000.0,29460000.0
11401173520,2,319.606815658596,1,CharmahalBakhtiari,1,168876206.0,85000000.0,850000.0,21840000.0,276566206.0
11401173523,2,319.606815658596,1,CharmahalBakhtiari,1,100000000.0,0.0,2000000.0,10920000.0,112920000.0
11401173608,3,266.33901304883,1,CharmahalBakhtiari,1,0.0,0.0,23650000.0,10920000.0,34570000.0
11401173611,3,266.33901304883,1,CharmahalBakhtiari,1,120000000.0,0.0,0.0,21840000.0,141840000.0
11401173614,3,266.33901304883,1,CharmahalBakhtiari,1,0.0,113000000.0,1030000.0,10920000.0,124950000.0
11401173617,3,266.33901304883,1,CharmahalBakhtiari,1,0.0,238000000.0,174000000.0,27300000.0,439300000.0
11401173620,3,266.33901304883,1,CharmahalBakhtiari,1,0.0,0.0,270000000.0,10920000.0,280920000.0
11401173623,3,266.33901304883,1,CharmahalBakhtiari,1,0.0,0.0,341450000.0,16380000.0,357830000.0
11401173711,4,532.678026097659,1,CharmahalBakhtiari,1,216000000.0,0.0,2100000.0,0.0,218100000.0
11401173714,4,532.678026097659,1,CharmahalBakhtiari,1,284000000.0,0.0,13350000.0,27300000.0,324650000.0
11401173716,4,532.678026097659,1,CharmahalBakhtiari,1,169284031.0,0.0,10030000.0,21840000.0,201154031.0
11402173808,1,466.108421965131,1,CharmahalBakhtiari,2,636210000.0,0.0,61800000.0,0.0,698010000.0
11402173811,1,466.108421965131,1,CharmahalBakhtiari,2,443450000.0,0.0,96000000.0,21840000.0,561290000.0
11402173814,1,466.108421965131,1,CharmahalBakhtiari,2,78000000.0,0.0,194200000.0,10920000.0,283120000.0
11402173817,1,466.108421965131,1,CharmahalBakhtiari,2,317640000.0,360000000.0,70000000.0,21840000.0,769480000.0
11402173820,1,466.108421965131,1,CharmahalBakhtiari,2,355060000.0,250000000.0,0.0,27300000.0,632360000.0
11402173823,1,466.108421965131,1,CharmahalBakhtiari,2,280020000.0,0.0,0.0,16380000.0,296400000.0
11402173908,2,559.330106358157,1,CharmahalBakhtiari,2,500000000.0,0.0,0.0,21840000.0,521840000.0
11402173911,2,559.330106358157,1,CharmahalBakhtiari,2,0.0,700000000.0,0.0,21840000.0,721840000.0
11402173917,2,559.330106358157,1,CharmahalBakhtiari,2,0.0,340000000.0,0.0,32760000.0,372760000.0
11402173920,2,559.330106358157,1,CharmahalBakhtiari,2,0.0,0.0,60000000.0,5460000.0,65460000.0
11402173923,2,559.330106358157,1,CharmahalBakhtiari,2,598287080.0,0.0,94400000.0,16380000.0,709067080.0
11402174011,3,559.330106358157,1,CharmahalBakhtiari,2,50000000.0,0.0,225050000.0,27300000.0,302350000.0
11402174014,3,559.330106358157,1,CharmahalBakhtiari,2,0.0,0.0,64630000.0,10920000.0,75550000.0
11402174017,3,559.330106358157,1,CharmahalBakhtiari,2,445300000.0,0.0,301000000.0,21840000.0,768140000.0
11402174020,3,559.330106358157,1,CharmahalBakhtiari,2,0.0,216000000.0,10000000.0,10920000.0,236920000.0
11402174023,3,559.330106358157,1,CharmahalBakhtiari,2,0.0,0.0,40450000.0,5460000.0,45910000.0
11402174114,4,699.162632947696,1,CharmahalBakhtiari,2,0.0,240000000.0,212500000.0,21840000.0,474340000.0
11402174117,4,699.162632947696,1,CharmahalBakhtiari,2,32500000.0,0.0,347700000.0,16380000.0,396580000.0
11402174120,4,699.162632947696,1,CharmahalBakhtiari,2,298834000.0,240000000.0,209500000.0,0.0,748334000.0
11402174123,4,699.162632947696,1,CharmahalBakhtiari,2,0.0,400000000.0,6000000.0,21840000.0,427840000.0
11402174208,1,559.330106358157,1,CharmahalBakhtiari,2,2400000000.0,940000000.0,0.0,0.0,3340000000.0
11402174211,1,559.330106358157,1,CharmahalBakhtiari,2,3000000000.0,0.0,14000000.0,0.0,3014000000.0
11402174214,1,559.330106358157,1,CharmahalBakhtiari,2,361846000.0,0.0,14000000.0,0.0,375846000.0
11402174220,1,559.330106358157,1,CharmahalBakhtiari,2,194140000.0,600000000.0,12450000.0,21840000.0,828430000.0
11402174223,1,559.330106358157,1,CharmahalBakhtiari,2,913238000.0,0.0,5360000.0,0.0,918598000.0
11402174308,2,559.330106358157,1,CharmahalBakhtiari,2,360000000.0,0.0,0.0,16380000.0,376380000.0
11402174311,2,559.330106358157,1,CharmahalBakhtiari,2,500000000.0,0.0,0.0,0.0,500000000.0
11402174317,2,559.330106358157,1,CharmahalBakhtiari,2,371250000.0,0.0,0.0,21840000.0,393090000.0
11402174320,2,559.330106358157,1,CharmahalBakhtiari,2,468000000.0,0.0,0.0,10920000.0,478920000.0
11402174323,2,559.330106358157,1,CharmahalBakhtiari,2,0.0,94000000.0,243600000.0,16380000.0,353980000.0
11402174408,3,466.108421965131,1,CharmahalBakhtiari,2,417050000.0,400000000.0,0.0,0.0,817050000.0
11402174412,3,466.108421965131,1,CharmahalBakhtiari,2,0.0,0.0,250000000.0,10920000.0,260920000.0
11402174414,3,466.108421965131,1,CharmahalBakhtiari,2,0.0,0.0,71000000.0,5460000.0,76460000.0
11402174417,3,466.108421965131,1,CharmahalBakhtiari,2,125000000.0,0.0,1100000.0,16380000.0,142480000.0
11402174420,3,466.108421965131,1,CharmahalBakhtiari,2,380550000.0,0.0,30780000.0,16380000.0,427710000.0
11402174423,3,466.108421965131,1,CharmahalBakhtiari,2,0.0,200000000.0,2000000.0,27300000.0,229300000.0
11402174508,4,559.330106358157,1,CharmahalBakhtiari,2,0.0,560000000.0,228640000.0,32760000.0,821400000.0
11402174511,4,559.330106358157,1,CharmahalBakhtiari,2,0.0,0.0,392000000.0,0.0,392000000.0
11402174514,4,559.330106358157,1,CharmahalBakhtiari,2,0.0,0.0,322600000.0,10920000.0,333520000.0
11402174517,4,559.330106358157,1,CharmahalBakhtiari,2,389010000.0,0.0,7000000.0,21840000.0,417850000.0
11402174520,4,559.330106358157,1,CharmahalBakhtiari,2,0.0,0.0,247000000.0,5460000.0,252460000.0
11402174608,1,466.108421965131,1,CharmahalBakhtiari,2,0.0,0.0,0.0,21840000.0,21840000.0
11402174611,1,466.108421965131,1,CharmahalBakhtiari,2,21000000.0,0.0,0.0,16380000.0,37380000.0
11402174614,1,466.108421965131,1,CharmahalBakhtiari,2,549930000.0,0.0,363400000.0,21840000.0,935170000.0
11402174617,1,466.108421965131,1,CharmahalBakhtiari,2,213787402.0,0.0,870000.0,21840000.0,236497402.0
11402174620,1,466.108421965131,1,CharmahalBakhtiari,2,0.0,0.0,327000000.0,0.0,327000000.0
11402174623,1,466.108421965131,1,CharmahalBakhtiari,2,0.0,0.0,138820000.0,0.0,138820000.0
11402174708,2,466.108421965131,1,CharmahalBakhtiari,2,195000000.0,0.0,474000000.0,21840000.0,690840000.0
11402174711,2,466.108421965131,1,CharmahalBakhtiari,2,80000000.0,0.0,12000000.0,10920000.0,102920000.0
11402174714,2,466.108421965131,1,CharmahalBakhtiari,2,0.0,0.0,388000000.0,21840000.0,409840000.0
11402174717,2,466.108421965131,1,CharmahalBakhtiari,2,0.0,240000000.0,0.0,27300000.0,267300000.0
11402174720,2,466.108421965131,1,CharmahalBakhtiari,2,264000000.0,0.0,0.0,21840000.0,285840000.0
11402174723,2,466.108421965131,1,CharmahalBakhtiari,2,0.0,0.0,466000000.0,16380000.0,482380000.0
11402174808,3,559.330106358157,1,CharmahalBakhtiari,2,411000000.0,0.0,0.0,21840000.0,432840000.0
11402174811,3,559.330106358157,1,CharmahalBakhtiari,2,230000000.0,0.0,1750000.0,21840000.0,253590000.0
11402174815,3,559.330106358157,1,CharmahalBakhtiari,2,497490000.0,0.0,0.0,21840000.0,519330000.0
11402174816,3,559.330106358157,1,CharmahalBakhtiari,2,0.0,0.0,118500000.0,5460000.0,123960000.0
11402174820,3,559.330106358157,1,CharmahalBakhtiari,2,0.0,0.0,692000000.0,21840000.0,713840000.0
11402174908,4,559.330106358157,1,CharmahalBakhtiari,2,0.0,0.0,30200000.0,5460000.0,35660000.0
11402174911,4,559.330106358157,1,CharmahalBakhtiari,2,0.0,0.0,7000000.0,21840000.0,28840000.0
11402174916,4,559.330106358157,1,CharmahalBakhtiari,2,90000000.0,0.0,0.0,0.0,90000000.0
11402174917,4,559.330106358157,1,CharmahalBakhtiari,2,0.0,250000000.0,6880000.0,21840000.0,278720000.0
11402174923,4,559.330106358157,1,CharmahalBakhtiari,2,0.0,0.0,76000000.0,10920000.0,86920000.0
11402175008,1,466.108421965131,1,CharmahalBakhtiari,2,0.0,-18000000.0,113850000.0,10920000.0,106770000.0
11402175011,1,466.108421965131,1,CharmahalBakhtiari,2,560620000.0,0.0,277500000.0,27300000.0,865420000.0
11402175014,1,466.108421965131,1,CharmahalBakhtiari,2,613410000.0,0.0,2000000.0,21840000.0,637250000.0
11402175017,1,466.108421965131,1,CharmahalBakhtiari,2,0.0,120000000.0,193000000.0,16380000.0,329380000.0
11402175020,1,466.108421965131,1,CharmahalBakhtiari,2,0.0,0.0,6250000.0,16380000.0,22630000.0
11402175023,1,466.108421965131,1,CharmahalBakhtiari,2,0.0,-163900000.0,800000.0,21840000.0,-141260000.0
11402175108,2,466.108421965131,1,CharmahalBakhtiari,2,0.0,0.0,190780000.0,10920000.0,201700000.0
11402175111,2,466.108421965131,1,CharmahalBakhtiari,2,0.0,0.0,385100000.0,0.0,385100000.0
11402175114,2,466.108421965131,1,CharmahalBakhtiari,2,100440000.0,0.0,339000000.0,21840000.0,461280000.0
11402175117,2,466.108421965131,1,CharmahalBakhtiari,2,0.0,430000000.0,8000000.0,15015000.0,453015000.0
11402175120,2,466.108421965131,1,CharmahalBakhtiari,2,854146400.0,0.0,153000000.0,21840000.0,1028986400.0
11402175123,2,466.108421965131,1,CharmahalBakhtiari,2,97327000.0,230000000.0,6000000.0,16380000.0,349707000.0
11402175208,3,466.108421965131,1,CharmahalBakhtiari,2,0.0,240000000.0,1380000.0,16380000.0,257760000.0
11402175211,3,466.108421965131,1,CharmahalBakhtiari,2,0.0,360000000.0,3220000.0,21840000.0,385060000.0
11402175214,3,466.108421965131,1,CharmahalBakhtiari,2,180000000.0,0.0,4120000.0,21840000.0,205960000.0
11402175217,3,466.108421965131,1,CharmahalBakhtiari,2,300000000.0,0.0,62470000.0,21840000.0,384310000.0
11402175220,3,466.108421965131,1,CharmahalBakhtiari,2,0.0,0.0,148800000.0,21840000.0,170640000.0
11402175223,3,466.108421965131,1,CharmahalBakhtiari,2,0.0,0.0,266550000.0,10920000.0,277470000.0
11402175308,4,699.162632947696,1,CharmahalBakhtiari,2,0.0,0.0,267190000.0,21840000.0,289030000.0
11402175311,4,699.162632947696,1,CharmahalBakhtiari,2,0.0,0.0,267090000.0,10920000.0,278010000.0
11402175317,4,699.162632947696,1,CharmahalBakhtiari,2,0.0,300000000.0,0.0,10920000.0,310920000.0
11402175323,4,699.162632947696,1,CharmahalBakhtiari,2,367930018.0,0.0,6000000.0,27300000.0,401230018.0
11402175408,1,466.108421965131,1,CharmahalBakhtiari,2,0.0,260000000.0,4500000.0,21840000.0,286340000.0
11402175411,1,466.108421965131,1,CharmahalBakhtiari,2,0.0,340000000.0,4400000.0,27300000.0,371700000.0
11402175414,1,466.108421965131,1,CharmahalBakhtiari,2,0.0,0.0,87000000.0,10920000.0,97920000.0
11402175417,1,466.108421965131,1,CharmahalBakhtiari,2,580405000.0,0.0,77500000.0,24115000.0,682020000.0
11402175420,1,466.108421965131,1,CharmahalBakhtiari,2,384000000.0,0.0,22980000.0,0.0,406980000.0
11402175423,1,466.108421965131,1,CharmahalBakhtiari,2,0.0,170000000.0,764400000.0,11375000.0,945775000.0
11402175508,2,559.330106358157,1,CharmahalBakhtiari,2,0.0,0.0,197000000.0,10920000.0,207920000.0
11402175511,2,559.330106358157,1,CharmahalBakhtiari,2,0.0,180000000.0,40750000.0,21840000.0,242590000.0
11402175514,2,559.330106358157,1,CharmahalBakhtiari,2,0.0,240000000.0,320250000.0,10920000.0,571170000.0
11402175520,2,559.330106358157,1,CharmahalBakhtiari,2,215000000.0,0.0,295500000.0,16380000.0,526880000.0
11402175523,2,559.330106358157,1,CharmahalBakhtiari,2,0.0,0.0,121400000.0,16380000.0,137780000.0
11402175608,3,466.108421965131,1,CharmahalBakhtiari,2,0.0,0.0,478000000.0,910000.0,478910000.0
11402175611,3,466.108421965131,1,CharmahalBakhtiari,2,0.0,0.0,278310000.0,32760000.0,311070000.0
11402175614,3,466.108421965131,1,CharmahalBakhtiari,2,0.0,300000000.0,3500000.0,16380000.0,319880000.0
11402175617,3,466.108421965131,1,CharmahalBakhtiari,2,346560000.0,0.0,603000000.0,0.0,949560000.0
11402175620,3,466.108421965131,1,CharmahalBakhtiari,2,0.0,0.0,991000000.0,0.0,991000000.0
11402175623,3,466.108421965131,1,CharmahalBakhtiari,2,300000000.0,0.0,136500000.0,13650000.0,450150000.0
11402175708,4,699.162632947696,1,CharmahalBakhtiari,2,0.0,0.0,0.0,21840000.0,21840000.0
11402175717,4,699.162632947696,1,CharmahalBakhtiari,2,165000000.0,480000000.0,4000000.0,27300000.0,676300000.0
11402175720,4,699.162632947696,1,CharmahalBakhtiari,2,150000000.0,0.0,6920000.0,21840000.0,178760000.0
11402175723,4,699.162632947696,1,CharmahalBakhtiari,2,60000000.0,0.0,76140000.0,21840000.0,157980000.0
11402175808,1,466.108421965131,1,CharmahalBakhtiari,2,0.0,0.0,590000000.0,5460000.0,595460000.0
11402175811,1,466.108421965131,1,CharmahalBakhtiari,2,190000000.0,0.0,0.0,21840000.0,211840000.0
11402175814,1,466.108421965131,1,CharmahalBakhtiari,2,460000000.0,0.0,0.0,21840000.0,481840000.0
11402175817,1,466.108421965131,1,CharmahalBakhtiari,2,389850000.0,0.0,0.0,21840000.0,411690000.0
11402175820,1,466.108421965131,1,CharmahalBakhtiari,2,200000000.0,0.0,0.0,21840000.0,221840000.0
11402175823,1,466.108421965131,1,CharmahalBakhtiari,2,180000000.0,0.0,0.0,21840000.0,201840000.0
11402175910,2,466.108421965131,1,CharmahalBakhtiari,2,366000000.0,0.0,5600000.0,21840000.0,393440000.0
11402175911,2,466.108421965131,1,CharmahalBakhtiari,2,0.0,0.0,2000000.0,27300000.0,29300000.0
11402175914,2,466.108421965131,1,CharmahalBakhtiari,2,0.0,0.0,10000000.0,10920000.0,20920000.0
11402175917,2,466.108421965131,1,CharmahalBakhtiari,2,0.0,0.0,7000000.0,21840000.0,28840000.0
11402175920,2,466.108421965131,1,CharmahalBakhtiari,2,0.0,0.0,173600000.0,10920000.0,184520000.0
11402175923,2,466.108421965131,1,CharmahalBakhtiari,2,366600000.0,0.0,16000000.0,21840000.0,404440000.0
11402176007,3,559.330106358157,1,CharmahalBakhtiari,2,36000000.0,0.0,187380000.0,16380000.0,239760000.0
11402176011,3,559.330106358157,1,CharmahalBakhtiari,2,0.0,0.0,189030000.0,10920000.0,199950000.0
11402176013,3,559.330106358157,1,CharmahalBakhtiari,2,0.0,0.0,24500000.0,5460000.0,29960000.0
11402176016,3,559.330106358157,1,CharmahalBakhtiari,2,0.0,0.0,111030000.0,10920000.0,121950000.0
11402176023,3,559.330106358157,1,CharmahalBakhtiari,2,150000000.0,0.0,1730000.0,21840000.0,173570000.0
11402176108,4,699.162632947696,1,CharmahalBakhtiari,2,0.0,0.0,228000000.0,5460000.0,233460000.0
11402176111,4,699.162632947696,1,CharmahalBakhtiari,2,0.0,0.0,227520000.0,16380000.0,243900000.0
11402176114,4,699.162632947696,1,CharmahalBakhtiari,2,160000000.0,0.0,6800000.0,21840000.0,188640000.0
11402176117,4,699.162632947696,1,CharmahalBakhtiari,2,0.0,0.0,199000000.0,21840000.0,220840000.0
11402176208,1,466.108421965131,1,CharmahalBakhtiari,2,332305000.0,180000000.0,63750000.0,21840000.0,597895000.0
11402176211,1,466.108421965131,1,CharmahalBakhtiari,2,0.0,0.0,93000000.0,10920000.0,103920000.0
11402176214,1,466.108421965131,1,CharmahalBakhtiari,2,462197000.0,0.0,168000000.0,21840000.0,652037000.0
11402176217,1,466.108421965131,1,CharmahalBakhtiari,2,385000000.0,0.0,4000000.0,27300000.0,416300000.0
11402176220,1,466.108421965131,1,CharmahalBakhtiari,2,530137600.0,0.0,4000000.0,27300000.0,561437600.0
11402176223,1,466.108421965131,1,CharmahalBakhtiari,2,96000000.0,0.0,131750000.0,10920000.0,238670000.0
11402176308,2,466.108421965131,1,CharmahalBakhtiari,2,295000000.0,0.0,352280000.0,25935000.0,673215000.0
11402176311,2,466.108421965131,1,CharmahalBakhtiari,2,0.0,200000000.0,238700000.0,16380000.0,455080000.0
11402176314,2,466.108421965131,1,CharmahalBakhtiari,2,0.0,0.0,263850000.0,16380000.0,280230000.0
11402176317,2,466.108421965131,2,CharmahalBakhtiari,2,475000000.0,0.0,10500000.0,38220000.0,523720000.0
11402176320,2,466.108421965131,1,CharmahalBakhtiari,2,0.0,0.0,249900000.0,10920000.0,260820000.0
11402176323,2,466.108421965131,1,CharmahalBakhtiari,2,0.0,350000000.0,6250000.0,27300000.0,383550000.0
11402176408,3,559.330106358157,1,CharmahalBakhtiari,2,0.0,0.0,184800000.0,27300000.0,212100000.0
11402176411,3,559.330106358157,1,CharmahalBakhtiari,2,180000000.0,0.0,1750000.0,21840000.0,203590000.0
11402176414,3,559.330106358157,1,CharmahalBakhtiari,2,0.0,0.0,357020000.0,21840000.0,378860000.0
11402176420,3,559.330106358157,1,CharmahalBakhtiari,2,0.0,20000000.0,1020000.0,10920000.0,31940000.0
11402176423,3,559.330106358157,1,CharmahalBakhtiari,2,0.0,0.0,70030000.0,10920000.0,80950000.0
11402176508,4,466.108421965131,1,CharmahalBakhtiari,2,0.0,0.0,85500000.0,10920000.0,96420000.0
11402176511,4,466.108421965131,1,CharmahalBakhtiari,2,0.0,640000000.0,200000000.0,0.0,840000000.0
11402176514,4,466.108421965131,1,CharmahalBakhtiari,2,0.0,0.0,310500000.0,16380000.0,326880000.0
11402176517,4,466.108421965131,1,CharmahalBakhtiari,2,0.0,0.0,101500000.0,5460000.0,106960000.0
11402176520,4,466.108421965131,1,CharmahalBakhtiari,2,0.0,530000000.0,7100000.0,27300000.0,564400000.0
11402176523,4,466.108421965131,1,CharmahalBakhtiari,2,0.0,75000000.0,7100000.0,27300000.0,109400000.0
11402176608,1,559.330106358157,1,CharmahalBakhtiari,2,0.0,250000000.0,0.0,21840000.0,271840000.0
11402176611,1,559.330106358157,1,CharmahalBakhtiari,2,136000000.0,135000000.0,0.0,16380000.0,287380000.0
11402176614,1,559.330106358157,1,CharmahalBakhtiari,2,154000000.0,75000000.0,0.0,21840000.0,250840000.0
11402176617,1,559.330106358157,1,CharmahalBakhtiari,2,105000000.0,0.0,0.0,21840000.0,126840000.0
11402176623,1,559.330106358157,1,CharmahalBakhtiari,2,0.0,0.0,76000000.0,16380000.0,92380000.0
11402176708,2,466.108421965131,1,CharmahalBakhtiari,2,0.0,760000000.0,2000000.0,32760000.0,794760000.0
11402176711,2,466.108421965131,1,CharmahalBakhtiari,2,180000000.0,120000000.0,8000000.0,27300000.0,335300000.0
11402176714,2,466.108421965131,1,CharmahalBakhtiari,2,220000000.0,0.0,3500000.0,27300000.0,250800000.0
11402176717,2,466.108421965131,1,CharmahalBakhtiari,2,192555600.0,0.0,112500000.0,16380000.0,321435600.0
11402176720,2,466.108421965131,1,CharmahalBakhtiari,2,338000000.0,0.0,6750000.0,27300000.0,372050000.0
11402176723,2,466.108421965131,1,CharmahalBakhtiari,2,245000000.0,0.0,5500000.0,22750000.0,273250000.0
11402176811,3,559.330106358157,1,CharmahalBakhtiari,2,0.0,251000000.0,0.0,16380000.0,267380000.0
11402176814,3,559.330106358157,1,CharmahalBakhtiari,2,0.0,0.0,347990000.0,16380000.0,364370000.0
11402176817,3,559.330106358157,1,CharmahalBakhtiari,2,335000000.0,0.0,420000.0,21840000.0,357260000.0
11402176820,3,559.330106358157,1,CharmahalBakhtiari,2,144000000.0,0.0,1450000.0,21840000.0,167290000.0
11402176823,3,559.330106358157,1,CharmahalBakhtiari,2,360000000.0,-15000000.0,2370000.0,16380000.0,363750000.0
11402176908,4,466.108421965131,1,CharmahalBakhtiari,2,0.0,0.0,317550000.0,27300000.0,344850000.0
11402176911,4,466.108421965131,1,CharmahalBakhtiari,2,0.0,0.0,176500000.0,5460000.0,181960000.0
11402176914,4,466.108421965131,1,CharmahalBakhtiari,2,0.0,0.0,217850000.0,10920000.0,228770000.0
11402176917,4,466.108421965131,1,CharmahalBakhtiari,2,0.0,450000000.0,2000000.0,10920000.0,462920000.0
11402176920,4,466.108421965131,1,CharmahalBakhtiari,2,54000000.0,0.0,56300000.0,16380000.0,126680000.0
11402176923,4,466.108421965131,1,CharmahalBakhtiari,2,96000000.0,0.0,227900000.0,10920000.0,334820000.0
11402177008,1,466.108421965131,1,CharmahalBakhtiari,2,179260000.0,0.0,4260000.0,16380000.0,199900000.0
11402177011,1,466.108421965131,1,CharmahalBakhtiari,2,0.0,0.0,209740000.0,10920000.0,220660000.0
11402177014,1,466.108421965131,1,CharmahalBakhtiari,2,354250000.0,0.0,21120000.0,27300000.0,402670000.0
11402177017,1,466.108421965131,1,CharmahalBakhtiari,2,0.0,600000000.0,0.0,21840000.0,621840000.0
11402177020,1,466.108421965131,1,CharmahalBakhtiari,2,0.0,0.0,533800000.0,10920000.0,544720000.0
11402177023,1,466.108421965131,1,CharmahalBakhtiari,2,0.0,72000000.0,318000000.0,16380000.0,406380000.0
11403177108,2,291.499553284355,1,CharmahalBakhtiari,3,240000000.0,330000000.0,6500000.0,27300000.0,603800000.0
11403177111,2,291.499553284355,1,CharmahalBakhtiari,3,0.0,0.0,117000000.0,10920000.0,127920000.0
11403177114,2,291.499553284355,1,CharmahalBakhtiari,3,0.0,300000000.0,3000000.0,21840000.0,324840000.0
11403177117,2,291.499553284355,1,CharmahalBakhtiari,3,0.0,0.0,226100000.0,10920000.0,237020000.0
11403177120,2,291.499553284355,1,CharmahalBakhtiari,3,740266000.0,0.0,64000000.0,0.0,804266000.0
11403177208,3,242.91629440363,1,CharmahalBakhtiari,3,0.0,430000000.0,230400000.0,21840000.0,682240000.0
11403177211,3,242.91629440363,1,CharmahalBakhtiari,3,0.0,0.0,106550000.0,5460000.0,112010000.0
11403177214,3,242.91629440363,1,CharmahalBakhtiari,3,0.0,0.0,241250000.0,27305000.0,268555000.0
11403177217,3,242.91629440363,1,CharmahalBakhtiari,3,344000000.0,0.0,120000000.0,30030000.0,494030000.0
11403177220,3,242.91629440363,1,CharmahalBakhtiari,3,300000000.0,490000000.0,5000000.0,27300000.0,822300000.0
11403177223,3,242.91629440363,1,CharmahalBakhtiari,3,0.0,230000000.0,53750000.0,32760000.0,316510000.0
11403177308,4,291.499553284355,1,CharmahalBakhtiari,3,0.0,340000000.0,8600000.0,10920000.0,359520000.0
11403177311,4,291.499553284355,1,CharmahalBakhtiari,3,0.0,0.0,218960000.0,10920000.0,229880000.0
11403177314,4,291.499553284355,1,CharmahalBakhtiari,3,0.0,0.0,216460000.0,5460000.0,221920000.0
11403177320,4,291.499553284355,1,CharmahalBakhtiari,3,0.0,0.0,20000000.0,0.0,20000000.0
11403177323,4,291.499553284355,1,CharmahalBakhtiari,3,0.0,0.0,9000000.0,27300000.0,36300000.0
11403177408,1,242.91629440363,1,CharmahalBakhtiari,3,120000000.0,0.0,500000.0,32760000.0,153260000.0
11403177411,1,242.91629440363,1,CharmahalBakhtiari,3,144000000.0,0.0,5000000.0,16380000.0,165380000.0
11403177414,1,242.91629440363,1,CharmahalBakhtiari,3,40000000.0,24000000.0,97000000.0,21840000.0,182840000.0
11403177417,1,242.91629440363,1,CharmahalBakhtiari,3,810100000.0,0.0,6800000.0,21840000.0,838740000.0
11403177420,1,242.91629440363,1,CharmahalBakhtiari,3,0.0,1000000000.0,1000000.0,16380000.0,1017380000.0
11403177423,1,242.91629440363,1,CharmahalBakhtiari,3,240000000.0,0.0,13000000.0,21840000.0,274840000.0
11403177508,2,242.91629440363,1,CharmahalBakhtiari,3,0.0,610000000.0,4500000.0,21840000.0,636340000.0
11403177511,2,242.91629440363,1,CharmahalBakhtiari,3,153871000.0,380000000.0,4500000.0,21840000.0,560211000.0
11403177514,2,242.91629440363,1,CharmahalBakhtiari,3,200000000.0,0.0,59500000.0,32760000.0,292260000.0
11403177517,2,242.91629440363,1,CharmahalBakhtiari,3,192000000.0,160000000.0,5500000.0,27300000.0,384800000.0
11403177520,2,242.91629440363,1,CharmahalBakhtiari,3,78000000.0,248000000.0,5500000.0,16380000.0,347880000.0
11403177523,2,242.91629440363,1,CharmahalBakhtiari,3,193537000.0,0.0,4200000.0,21840000.0,219577000.0
11403177608,3,242.91629440363,1,CharmahalBakhtiari,3,0.0,690000000.0,60000000.0,0.0,750000000.0
11403177610,3,242.91629440363,1,CharmahalBakhtiari,3,174000000.0,0.0,357400000.0,21840000.0,553240000.0
11403177614,3,242.91629440363,1,CharmahalBakhtiari,3,175447000.0,0.0,4500000.0,10920000.0,190867000.0
11403177617,3,242.91629440363,1,CharmahalBakhtiari,3,0.0,480000000.0,101000000.0,21840000.0,602840000.0
11403177620,3,242.91629440363,1,CharmahalBakhtiari,3,186000000.0,0.0,10000000.0,0.0,196000000.0
11403177623,3,242.91629440363,1,CharmahalBakhtiari,3,376549000.0,0.0,8000000.0,21840000.0,406389000.0
11403177708,4,242.91629440363,1,CharmahalBakhtiari,3,180000000.0,750000000.0,680000000.0,0.0,1610000000.0
11403177711,4,242.91629440363,1,CharmahalBakhtiari,3,0.0,340000000.0,150000000.0,0.0,490000000.0
11403177714,4,242.91629440363,1,CharmahalBakhtiari,3,0.0,250000000.0,306800000.0,16380000.0,573180000.0
11403177717,4,242.91629440363,1,CharmahalBakhtiari,3,0.0,230000000.0,5000000.0,10920000.0,245920000.0
11403177720,4,242.91629440363,1,CharmahalBakhtiari,3,0.0,170000000.0,16500000.0,19565000.0,206065000.0
11403177723,4,242.91629440363,1,CharmahalBakhtiari,3,0.0,540000000.0,659000000.0,21840000.0,1220840000.0
11403177808,1,242.91629440363,1,CharmahalBakhtiari,3,280000000.0,0.0,3500000.0,16380000.0,299880000.0
11403177811,1,242.91629440363,1,CharmahalBakhtiari,3,140000000.0,0.0,77500000.0,21840000.0,239340000.0
11403177814,1,242.91629440363,1,CharmahalBakhtiari,3,0.0,0.0,3000000.0,16380000.0,19380000.0
11403177817,1,242.91629440363,1,CharmahalBakhtiari,3,0.0,380000000.0,56000000.0,27300000.0,463300000.0
11403177820,1,242.91629440363,1,CharmahalBakhtiari,3,0.0,180000000.0,4500000.0,16380000.0,200880000.0
11403177823,1,242.91629440363,1,CharmahalBakhtiari,3,0.0,240000000.0,6500000.0,16380000.0,262880000.0
11403177908,2,242.91629440363,1,CharmahalBakhtiari,3,310000000.0,0.0,1000000.0,21840000.0,332840000.0
11403177911,2,242.91629440363,1,CharmahalBakhtiari,3,0.0,0.0,90500000.0,10920000.0,101420000.0
11403177914,2,242.91629440363,1,CharmahalBakhtiari,3,0.0,50000000.0,187000000.0,16380000.0,253380000.0
11403177917,2,242.91629440363,1,CharmahalBakhtiari,3,0.0,0.0,56700000.0,16380000.0,73080000.0
11403177920,2,242.91629440363,1,CharmahalBakhtiari,3,300000000.0,0.0,900000.0,16380000.0,317280000.0
11403177923,2,242.91629440363,1,CharmahalBakhtiari,3,0.0,0.0,30000000.0,27300000.0,57300000.0
11403178008,3,242.91629440363,1,CharmahalBakhtiari,3,435000000.0,0.0,4000000.0,27300000.0,466300000.0
11403178011,3,242.91629440363,1,CharmahalBakhtiari,3,0.0,250000000.0,123250000.0,38220000.0,411470000.0
11403178014,3,242.91629440363,1,CharmahalBakhtiari,3,528000000.0,300000000.0,3000000.0,27300000.0,858300000.0
11403178017,3,242.91629440363,1,CharmahalBakhtiari,3,0.0,0.0,231400000.0,16380000.0,247780000.0
11403178020,3,242.91629440363,1,CharmahalBakhtiari,3,200000000.0,300000000.0,188580000.0,0.0,688580000.0
11403178023,3,242.91629440363,1,CharmahalBakhtiari,3,300000000.0,0.0,33500000.0,21840000.0,355340000.0
11403178108,4,242.91629440363,1,CharmahalBakhtiari,3,238000000.0,0.0,5660000.0,21840000.0,265500000.0
11403178111,4,242.91629440363,1,CharmahalBakhtiari,3,240000000.0,0.0,377600000.0,16380000.0,633980000.0
11403178114,4,242.91629440363,1,CharmahalBakhtiari,3,0.0,0.0,214140000.0,16380000.0,230520000.0
11403178117,4,242.91629440363,1,CharmahalBakhtiari,3,0.0,128000000.0,9650000.0,27300000.0,164950000.0
11403178120,4,242.91629440363,1,CharmahalBakhtiari,3,0.0,220000000.0,62600000.0,28665000.0,311265000.0
11403178123,4,242.91629440363,1,CharmahalBakhtiari,3,0.0,0.0,183250000.0,10920000.0,194170000.0
11403178208,1,364.374441605444,1,CharmahalBakhtiari,3,126000000.0,0.0,0.0,21840000.0,147840000.0
11403178211,1,364.374441605444,1,CharmahalBakhtiari,3,230000000.0,180000000.0,0.0,21840000.0,431840000.0
11403178220,1,364.374441605444,1,CharmahalBakhtiari,3,0.0,120000000.0,0.0,16380000.0,136380000.0
11403178223,1,364.374441605444,1,CharmahalBakhtiari,3,180000000.0,0.0,0.0,16380000.0,196380000.0
11403178308,2,242.91629440363,1,CharmahalBakhtiari,3,0.0,360000000.0,4000000.0,21840000.0,385840000.0
11403178311,2,242.91629440363,1,CharmahalBakhtiari,3,288000000.0,0.0,4500000.0,21840000.0,314340000.0
11403178314,2,242.91629440363,1,CharmahalBakhtiari,3,180000000.0,0.0,5250000.0,27300000.0,212550000.0
11403178317,2,242.91629440363,1,CharmahalBakhtiari,3,0.0,0.0,70000000.0,5460000.0,75460000.0
11403178320,2,242.91629440363,1,CharmahalBakhtiari,3,360000000.0,0.0,3000000.0,10920000.0,373920000.0
11403178323,2,242.91629440363,2,CharmahalBakhtiari,3,260000000.0,0.0,43000000.0,21840000.0,324840000.0
11403178408,3,242.91629440363,1,CharmahalBakhtiari,3,396000000.0,0.0,35700000.0,32760000.0,464460000.0
11403178411,3,242.91629440363,1,CharmahalBakhtiari,3,0.0,300000000.0,6500000.0,12285000.0,318785000.0
11403178414,3,242.91629440363,1,CharmahalBakhtiari,3,0.0,0.0,83000000.0,5460000.0,88460000.0
11403178417,3,242.91629440363,1,CharmahalBakhtiari,3,318000000.0,0.0,4000000.0,27300000.0,349300000.0
11403178420,3,242.91629440363,1,CharmahalBakhtiari,3,297600000.0,120000000.0,6500000.0,27300000.0,451400000.0
11403178423,3,242.91629440363,1,CharmahalBakhtiari,3,0.0,0.0,131500000.0,10920000.0,142420000.0
11403178508,4,242.91629440363,1,CharmahalBakhtiari,3,0.0,0.0,13600000.0,21840000.0,35440000.0
11403178511,4,242.91629440363,1,CharmahalBakhtiari,3,0.0,0.0,12600000.0,27300000.0,39900000.0
11403178514,4,242.91629440363,1,CharmahalBakhtiari,3,0.0,0.0,32200000.0,32760000.0,64960000.0
11403178517,4,242.91629440363,1,CharmahalBakhtiari,3,218460000.0,0.0,5000000.0,27300000.0,250760000.0
11403178520,4,242.91629440363,1,CharmahalBakhtiari,3,0.0,0.0,1000000.0,32760000.0,33760000.0
11403178523,4,242.91629440363,1,CharmahalBakhtiari,3,0.0,216000000.0,10800000.0,21840000.0,248640000.0
11403178608,1,242.91629440363,1,CharmahalBakhtiari,3,0.0,0.0,0.0,16380000.0,16380000.0
11403178611,1,242.91629440363,1,CharmahalBakhtiari,3,0.0,0.0,204000000.0,10920000.0,214920000.0
11403178614,1,242.91629440363,1,CharmahalBakhtiari,3,600000000.0,0.0,0.0,27300000.0,627300000.0
11403178617,1,242.91629440363,1,CharmahalBakhtiari,3,145000000.0,0.0,0.0,10920000.0,155920000.0
11403178620,1,242.91629440363,1,CharmahalBakhtiari,3,108000000.0,360000000.0,2000000.0,38220000.0,508220000.0
11403178623,1,242.91629440363,1,CharmahalBakhtiari,3,200000000.0,0.0,0.0,27300000.0,227300000.0
11404178710,2,307.189390361185,1,CharmahalBakhtiari,4,0.0,240000000.0,2550000.0,27300000.0,269850000.0
11404178717,2,307.189390361185,1,CharmahalBakhtiari,4,404130000.0,0.0,1500000.0,21840000.0,427470000.0
11404178720,2,307.189390361185,1,CharmahalBakhtiari,4,599290000.0,0.0,4520000.0,27300000.0,631110000.0
11404178723,2,307.189390361185,1,CharmahalBakhtiari,4,440820000.0,0.0,598000000.0,21840000.0,1060660000.0
11404178808,3,204.792926907457,1,CharmahalBakhtiari,4,120000000.0,0.0,0.0,17290000.0,137290000.0
11404178811,3,204.792926907457,1,CharmahalBakhtiari,4,0.0,180000000.0,188050000.0,16380000.0,384430000.0
11404178814,3,204.792926907457,1,CharmahalBakhtiari,4,210000000.0,0.0,2050000.0,27300000.0,239350000.0
11404178817,3,204.792926907457,1,CharmahalBakhtiari,4,180000000.0,216000000.0,3000000.0,32760000.0,431760000.0
11404178820,3,204.792926907457,1,CharmahalBakhtiari,4,120000000.0,0.0,2050000.0,32760000.0,154810000.0
11404178823,3,204.792926907457,1,CharmahalBakhtiari,4,0.0,0.0,7750000.0,5460000.0,13210000.0
11404178910,4,204.792926907457,1,CharmahalBakhtiari,4,782490000.0,0.0,60000000.0,21840000.0,864330000.0
11404178911,4,204.792926907457,1,CharmahalBakhtiari,4,0.0,0.0,208340000.0,16380000.0,224720000.0
11404178914,4,204.792926907457,1,CharmahalBakhtiari,4,243965009.0,200000000.0,5040000.0,21840000.0,470845009.0
11404178916,4,204.792926907457,1,CharmahalBakhtiari,4,0.0,0.0,202860000.0,16380000.0,219240000.0
11404178920,4,204.792926907457,1,CharmahalBakhtiari,4,0.0,240000000.0,17040000.0,21840000.0,278880000.0
11404178923,4,204.792926907457,1,CharmahalBakhtiari,4,0.0,0.0,348440000.0,21840000.0,370280000.0
11404179008,1,204.792926907457,1,CharmahalBakhtiari,4,0.0,0.0,300000000.0,21840000.0,321840000.0
11404179011,1,204.792926907457,1,CharmahalBakhtiari,4,240000000.0,0.0,0.0,16380000.0,256380000.0
11404179014,1,204.792926907457,1,CharmahalBakhtiari,4,0.0,240000000.0,161300000.0,16380000.0,417680000.0
11404179017,1,204.792926907457,1,CharmahalBakhtiari,4,735100000.0,1200000000.0,0.0,0.0,1935100000.0
11404179020,1,204.792926907457,1,CharmahalBakhtiari,4,0.0,228000000.0,502000000.0,27300000.0,757300000.0
11404179023,1,204.792926907457,1,CharmahalBakhtiari,4,0.0,0.0,4500000.0,16380000.0,20880000.0
11404179108,2,245.751512288948,1,CharmahalBakhtiari,4,80000000.0,120000000.0,3200000.0,32760000.0,235960000.0
11404179114,2,245.751512288948,1,CharmahalBakhtiari,4,287000000.0,120500000.0,75050000.0,16380000.0,498930000.0
11404179117,2,245.751512288948,1,CharmahalBakhtiari,4,120000000.0,53500000.0,2340000.0,27300000.0,203140000.0
11404179120,2,245.751512288948,1,CharmahalBakhtiari,4,138000000.0,0.0,6000000.0,32760000.0,176760000.0
11404179123,2,245.751512288948,1,CharmahalBakhtiari,4,79200000.0,0.0,1900000.0,21840000.0,102940000.0
11404179208,3,307.189390361185,1,CharmahalBakhtiari,4,0.0,54000000.0,181670000.0,32760000.0,268430000.0
11404179211,3,307.189390361185,1,CharmahalBakhtiari,4,60000000.0,0.0,3640000.0,38220000.0,101860000.0
11404179220,3,307.189390361185,1,CharmahalBakhtiari,4,407060000.0,0.0,10840000.0,19110000.0,437010000.0
11404179223,3,307.189390361185,1,CharmahalBakhtiari,4,20000000.0,228000000.0,3500000.0,32760000.0,284260000.0
11404179311,4,307.189390361185,1,CharmahalBakhtiari,4,0.0,360000000.0,1500000.0,32760000.0,394260000.0
11404179317,4,307.189390361185,1,CharmahalBakhtiari,4,0.0,124000000.0,196650000.0,38220000.0,358870000.0
11404179320,4,307.189390361185,1,CharmahalBakhtiari,4,0.0,60000000.0,364000000.0,10920000.0,434920000.0
11404179323,4,307.189390361185,1,CharmahalBakhtiari,4,0.0,92000000.0,0.0,16380000.0,108380000.0
11404179408,1,204.792926907457,1,CharmahalBakhtiari,4,0.0,0.0,399950000.0,5460000.0,405410000.0
11404179411,1,204.792926907457,1,CharmahalBakhtiari,4,0.0,0.0,475900000.0,27300000.0,503200000.0
11404179414,1,204.792926907457,1,CharmahalBakhtiari,4,144000000.0,0.0,1300000.0,27300000.0,172600000.0
11404179417,1,204.792926907457,1,CharmahalBakhtiari,4,238410000.0,0.0,1800000.0,21840000.0,262050000.0
11404179420,1,204.792926907457,1,CharmahalBakhtiari,4,0.0,300000000.0,3720000.0,21840000.0,325560000.0
11404179423,1,204.792926907457,1,CharmahalBakhtiari,4,0.0,0.0,436000000.0,0.0,436000000.0
11404179508,2,204.792926907457,1,CharmahalBakhtiari,4,240000000.0,0.0,0.0,27300000.0,267300000.0
11404179511,2,204.792926907457,1,CharmahalBakhtiari,4,0.0,0.0,48580000.0,16380000.0,64960000.0
11404179514,2,204.792926907457,1,CharmahalBakhtiari,4,0.0,92000000.0,562460000.0,32760000.0,687220000.0
11404179517,2,204.792926907457,1,CharmahalBakhtiari,4,240000000.0,0.0,1900000.0,21840000.0,263740000.0
11404179520,2,204.792926907457,1,CharmahalBakhtiari,4,450000000.0,15000000.0,37500000.0,27300000.0,529800000.0
11404179523,2,204.792926907457,1,CharmahalBakhtiari,4,412500000.0,0.0,32240000.0,27300000.0,472040000.0
11404179608,3,245.751512288948,1,CharmahalBakhtiari,4,352880000.0,0.0,418100000.0,32760000.0,803740000.0
11404179611,3,245.751512288948,1,CharmahalBakhtiari,4,0.0,252000000.0,1600000.0,21840000.0,275440000.0
11404179617,3,245.751512288948,1,CharmahalBakhtiari,4,401170000.0,0.0,60000000.0,27300000.0,488470000.0
11404179620,3,245.751512288948,1,CharmahalBakhtiari,4,0.0,0.0,79550000.0,5460000.0,85010000.0
11404179623,3,245.751512288948,1,CharmahalBakhtiari,4,311120000.0,0.0,0.0,27300000.0,338420000.0
11404179711,4,1228.75756144474,1,CharmahalBakhtiari,4,0.0,0.0,26700000.0,5460000.0,32160000.0
11404179810,1,204.792926907457,1,CharmahalBakhtiari,4,0.0,0.0,27180000.0,16380000.0,43560000.0
11404179811,1,204.792926907457,1,CharmahalBakhtiari,4,180000000.0,25000000.0,18960000.0,43680000.0,267640000.0
11404179814,1,204.792926907457,1,CharmahalBakhtiari,4,200000000.0,3200000.0,1280000.0,20020000.0,224500000.0
11404179817,1,204.792926907457,1,CharmahalBakhtiari,4,72000000.0,10000000.0,3200000.0,32760000.0,117960000.0
11404179820,1,204.792926907457,1,CharmahalBakhtiari,4,115200000.0,0.0,0.0,38220000.0,153420000.0
11404179823,1,204.792926907457,1,CharmahalBakhtiari,4,60000000.0,0.0,13160000.0,43680000.0,116840000.0
11404179908,2,245.751512288948,1,CharmahalBakhtiari,4,0.0,120000000.0,3150000.0,38220000.0,161370000.0
11404179914,2,245.751512288948,1,CharmahalBakhtiari,4,86400000.0,0.0,0.0,21840000.0,108240000.0
11404179917,2,245.751512288948,1,CharmahalBakhtiari,4,0.0,0.0,12660000.0,5460000.0,18120000.0
11404179920,2,245.751512288948,1,CharmahalBakhtiari,4,0.0,328400000.0,2060000.0,38220000.0,368680000.0
11404179923,2,245.751512288948,1,CharmahalBakhtiari,4,0.0,0.0,243090000.0,38220000.0,281310000.0
11405180008,3,124.57129335086,1,CharmahalBakhtiari,5,222000000.0,0.0,9750000.0,27300000.0,259050000.0
11405180011,3,124.57129335086,1,CharmahalBakhtiari,5,0.0,220000000.0,19750000.0,27300000.0,267050000.0
11405180014,3,124.57129335086,1,CharmahalBakhtiari,5,0.0,370000000.0,8750000.0,27300000.0,406050000.0
11405180017,3,124.57129335086,1,CharmahalBakhtiari,5,0.0,200000000.0,6500000.0,27300000.0,233800000.0
11405180020,3,124.57129335086,1,CharmahalBakhtiari,5,0.0,0.0,45550000.0,5460000.0,51010000.0
11405180023,3,124.57129335086,1,CharmahalBakhtiari,5,186000000.0,0.0,7250000.0,16380000.0,209630000.0
11405180108,4,149.485552021032,1,CharmahalBakhtiari,5,0.0,610000000.0,58000000.0,27300000.0,695300000.0
11405180111,4,149.485552021032,1,CharmahalBakhtiari,5,210000000.0,0.0,10250000.0,21840000.0,242090000.0
11405180114,4,149.485552021032,1,CharmahalBakhtiari,5,0.0,0.0,79500000.0,10920000.0,90420000.0
11405180120,4,149.485552021032,1,CharmahalBakhtiari,5,446570000.0,0.0,5000000.0,21840000.0,473410000.0
11405180123,4,149.485552021032,1,CharmahalBakhtiari,5,0.0,0.0,499100000.0,30030000.0,529130000.0
11405180208,1,124.57129335086,1,CharmahalBakhtiari,5,0.0,160000000.0,83500000.0,16380000.0,259880000.0
11405180211,1,124.57129335086,1,CharmahalBakhtiari,5,0.0,0.0,296000000.0,14560000.0,310560000.0
11405180214,1,124.57129335086,1,CharmahalBakhtiari,5,0.0,0.0,109200000.0,5460000.0,114660000.0
11405180217,1,124.57129335086,1,CharmahalBakhtiari,5,255520000.0,0.0,35500000.0,21840000.0,312860000.0
11405180220,1,124.57129335086,1,CharmahalBakhtiari,5,87047000.0,0.0,61500000.0,16380000.0,164927000.0
11405180223,1,124.57129335086,1,CharmahalBakhtiari,5,0.0,274000000.0,25500000.0,16380000.0,315880000.0
11405180308,2,124.57129335086,1,CharmahalBakhtiari,5,160000000.0,0.0,7500000.0,21840000.0,189340000.0
11405180311,2,124.57129335086,1,CharmahalBakhtiari,5,300000000.0,0.0,5500000.0,21840000.0,327340000.0
11405180314,2,124.57129335086,1,CharmahalBakhtiari,5,635962000.0,190000000.0,86500000.0,30030000.0,942492000.0
11405180317,2,124.57129335086,1,CharmahalBakhtiari,5,0.0,250000000.0,3000000.0,27300000.0,280300000.0
11405180320,2,124.57129335086,1,CharmahalBakhtiari,5,0.0,0.0,79250000.0,16380000.0,95630000.0
11405180323,2,124.57129335086,1,CharmahalBakhtiari,5,0.0,0.0,16500000.0,30485000.0,46985000.0
11405180408,3,124.57129335086,1,CharmahalBakhtiari,5,200000000.0,0.0,3000000.0,5460000.0,208460000.0
11405180411,3,124.57129335086,1,CharmahalBakhtiari,5,0.0,0.0,104100000.0,21840000.0,125940000.0
11405180415,3,124.57129335086,1,CharmahalBakhtiari,5,0.0,150000000.0,192010000.0,16380000.0,358390000.0
11405180417,3,124.57129335086,1,CharmahalBakhtiari,5,0.0,300000000.0,6500000.0,27300000.0,333800000.0
11405180420,3,124.57129335086,1,CharmahalBakhtiari,5,0.0,150000000.0,35750000.0,10920000.0,196670000.0
11405180423,3,124.57129335086,1,CharmahalBakhtiari,5,216000000.0,0.0,5500000.0,16380000.0,237880000.0
11405180508,4,124.57129335086,1,CharmahalBakhtiari,5,200000000.0,22500000.0,16250000.0,32760000.0,271510000.0
11405180511,4,124.57129335086,1,CharmahalBakhtiari,5,234000000.0,0.0,7350000.0,27300000.0,268650000.0
11405180514,4,124.57129335086,1,CharmahalBakhtiari,5,240000000.0,0.0,58950000.0,21840000.0,320790000.0
11405180517,4,124.57129335086,1,CharmahalBakhtiari,5,168000000.0,0.0,22500000.0,21840000.0,212340000.0
11405180520,4,124.57129335086,1,CharmahalBakhtiari,5,0.0,0.0,91100000.0,16380000.0,107480000.0
11405180523,4,124.57129335086,1,CharmahalBakhtiari,5,544390000.0,0.0,17150000.0,27300000.0,588840000.0
11405180608,1,124.57129335086,1,CharmahalBakhtiari,5,128000000.0,0.0,55250000.0,16380000.0,199630000.0
11405180611,1,124.57129335086,1,CharmahalBakhtiari,5,0.0,360000000.0,3500000.0,21840000.0,385340000.0
11405180614,1,124.57129335086,1,CharmahalBakhtiari,5,0.0,280000000.0,4000000.0,21840000.0,305840000.0
11405180617,1,124.57129335086,1,CharmahalBakhtiari,5,189490000.0,0.0,23000000.0,21840000.0,234330000.0
11405180620,1,124.57129335086,1,CharmahalBakhtiari,5,392000000.0,0.0,5000000.0,32760000.0,429760000.0
11405180623,1,124.57129335086,1,CharmahalBakhtiari,5,0.0,0.0,87300000.0,10920000.0,98220000.0
11405180708,2,149.485552021032,1,CharmahalBakhtiari,5,140900000.0,0.0,311500000.0,43680000.0,496080000.0
11405180711,2,149.485552021032,1,CharmahalBakhtiari,5,165000000.0,0.0,131500000.0,30485000.0,326985000.0
11405180714,2,149.485552021032,1,CharmahalBakhtiari,5,0.0,0.0,206450000.0,27300000.0,233750000.0
11405180720,2,149.485552021032,1,CharmahalBakhtiari,5,165104005.0,0.0,5400000.0,27300000.0,197804005.0
11405180723,2,149.485552021032,1,CharmahalBakhtiari,5,150000000.0,120000000.0,13000000.0,30030000.0,313030000.0
11406180808,3,87.8043556197965,1,CharmahalBakhtiari,6,308868600.0,0.0,29950000.0,10920000.0,349738600.0
11406180811,3,87.8043556197965,1,CharmahalBakhtiari,6,216000000.0,0.0,6300000.0,27300000.0,249600000.0
11406180814,3,87.8043556197965,1,CharmahalBakhtiari,6,240000000.0,0.0,4000000.0,21840000.0,265840000.0
11406180817,3,87.8043556197965,1,CharmahalBakhtiari,6,0.0,350000000.0,6500000.0,19565000.0,376065000.0
11406180820,3,87.8043556197965,1,CharmahalBakhtiari,6,306000000.0,130000000.0,7700000.0,32760000.0,476460000.0
11406180823,3,87.8043556197965,1,CharmahalBakhtiari,6,204928000.0,0.0,52000000.0,10920000.0,267848000.0
11406180908,4,131.706533429695,1,CharmahalBakhtiari,6,0.0,0.0,71700000.0,21840000.0,93540000.0
11406180914,4,131.706533429695,1,CharmahalBakhtiari,6,0.0,0.0,108200000.0,27300000.0,135500000.0
11406180917,4,131.706533429695,1,CharmahalBakhtiari,6,318900000.0,0.0,18200000.0,27300000.0,364400000.0
11406180923,4,131.706533429695,1,CharmahalBakhtiari,6,0.0,0.0,20250000.0,27300000.0,47550000.0
11406181008,1,87.8043556197965,1,CharmahalBakhtiari,6,0.0,0.0,69560000.0,21840000.0,91400000.0
11406181011,1,87.8043556197965,1,CharmahalBakhtiari,6,253720000.0,0.0,7000000.0,0.0,260720000.0
11406181014,1,87.8043556197965,1,CharmahalBakhtiari,6,0.0,0.0,155525000.0,16380000.0,171905000.0
11406181017,1,87.8043556197965,1,CharmahalBakhtiari,6,360000000.0,0.0,21500000.0,21840000.0,403340000.0
11406181020,1,87.8043556197965,1,CharmahalBakhtiari,6,0.0,370000000.0,220200000.0,16380000.0,606580000.0
11406181023,1,87.8043556197965,1,CharmahalBakhtiari,6,264000000.0,0.0,5000000.0,16380000.0,285380000.0
11407181108,2,135.65136679812,1,CharmahalBakhtiari,7,141040000.0,0.0,100000000.0,16380000.0,257420000.0
11407181111,2,135.65136679812,1,CharmahalBakhtiari,7,0.0,240000000.0,3500000.0,10920000.0,254420000.0
11407181114,2,135.65136679812,1,CharmahalBakhtiari,7,245000000.0,0.0,50500000.0,16380000.0,311880000.0
11407181117,2,135.65136679812,1,CharmahalBakhtiari,7,327082400.0,0.0,6400000.0,16380000.0,349862400.0
11407181120,2,135.65136679812,1,CharmahalBakhtiari,7,0.0,0.0,4500000.0,21840000.0,26340000.0
11407181123,2,135.65136679812,1,CharmahalBakhtiari,7,0.0,480000000.0,4000000.0,27300000.0,511300000.0
11407181208,3,135.65136679812,1,CharmahalBakhtiari,7,0.0,200000000.0,218400000.0,10920000.0,429320000.0
11407181211,3,135.65136679812,1,CharmahalBakhtiari,7,400295000.0,0.0,4000000.0,21840000.0,426135000.0
11407181214,3,135.65136679812,1,CharmahalBakhtiari,7,120000000.0,100000000.0,180360000.0,38220000.0,438580000.0
11407181217,3,135.65136679812,1,CharmahalBakhtiari,7,300000000.0,0.0,4000000.0,21840000.0,325840000.0
11407181220,3,135.65136679812,1,CharmahalBakhtiari,7,100000000.0,0.0,5000000.0,32760000.0,137760000.0
11407181223,3,135.65136679812,1,CharmahalBakhtiari,7,410098250.0,80000000.0,57000000.0,21840000.0,568938250.0
11407181308,4,135.65136679812,1,CharmahalBakhtiari,7,420000000.0,0.0,378200000.0,21840000.0,820040000.0
11407181311,4,135.65136679812,1,CharmahalBakhtiari,7,158800000.0,0.0,911000000.0,21840000.0,1091640000.0
11407181314,4,135.65136679812,1,CharmahalBakhtiari,7,0.0,220000000.0,319500000.0,16380000.0,555880000.0
11407181317,4,135.65136679812,1,CharmahalBakhtiari,7,0.0,0.0,290000000.0,10920000.0,300920000.0
11407181320,4,135.65136679812,1,CharmahalBakhtiari,7,0.0,230000000.0,209000000.0,16380000.0,455380000.0
11407181323,4,135.65136679812,1,CharmahalBakhtiari,7,288000000.0,0.0,210000000.0,21840000.0,519840000.0
11407181408,1,135.65136679812,1,CharmahalBakhtiari,7,0.0,0.0,76804000.0,10920000.0,87724000.0
11407181411,1,135.65136679812,1,CharmahalBakhtiari,7,0.0,240000000.0,7500000.0,27300000.0,274800000.0
11407181414,1,135.65136679812,1,CharmahalBakhtiari,7,91000000.0,307000000.0,7000000.0,27300000.0,432300000.0
11407181417,1,135.65136679812,1,CharmahalBakhtiari,7,180000000.0,188000000.0,2500000.0,21840000.0,392340000.0
11407181420,1,135.65136679812,1,CharmahalBakhtiari,7,0.0,0.0,121000000.0,10920000.0,131920000.0
11407181423,1,135.65136679812,1,CharmahalBakhtiari,7,0.0,0.0,103500000.0,10920000.0,114420000.0
11407181508,2,135.65136679812,1,CharmahalBakhtiari,7,360000000.0,0.0,2000000.0,16380000.0,378380000.0
11407181511,2,135.65136679812,1,CharmahalBakhtiari,7,474000000.0,0.0,0.0,21840000.0,495840000.0
11407181514,2,135.65136679812,1,CharmahalBakhtiari,7,0.0,0.0,64400000.0,21840000.0,86240000.0
11407181517,2,135.65136679812,1,CharmahalBakhtiari,7,0.0,0.0,67000000.0,10920000.0,77920000.0
11407181520,2,135.65136679812,1,CharmahalBakhtiari,7,0.0,160000000.0,2000000.0,27300000.0,189300000.0
11407181523,2,135.65136679812,1,CharmahalBakhtiari,7,0.0,0.0,2500000.0,21840000.0,24340000.0
11407181608,3,135.65136679812,1,CharmahalBakhtiari,7,104000000.0,0.0,5000000.0,16380000.0,125380000.0
11407181611,3,135.65136679812,1,CharmahalBakhtiari,7,0.0,610000000.0,4000000.0,16380000.0,630380000.0
11407181614,3,135.65136679812,1,CharmahalBakhtiari,7,228000000.0,0.0,12250000.0,21840000.0,262090000.0
11407181617,3,135.65136679812,1,CharmahalBakhtiari,7,240000000.0,0.0,4500000.0,21840000.0,266340000.0
11407181620,3,135.65136679812,1,CharmahalBakhtiari,7,0.0,300000000.0,26000000.0,32760000.0,358760000.0
11407181623,3,135.65136679812,1,CharmahalBakhtiari,7,407340000.0,0.0,4000000.0,21840000.0,433180000.0
11407181710,4,135.65136679812,1,CharmahalBakhtiari,7,280000000.0,0.0,11600000.0,21840000.0,313440000.0
11407181711,4,135.65136679812,1,CharmahalBakhtiari,7,0.0,0.0,133400000.0,16380000.0,149780000.0
11407181714,4,135.65136679812,1,CharmahalBakhtiari,7,0.0,0.0,137500000.0,5460000.0,142960000.0
11407181717,4,135.65136679812,1,CharmahalBakhtiari,7,160000000.0,0.0,224100000.0,21840000.0,405940000.0
11407181720,4,135.65136679812,1,CharmahalBakhtiari,7,0.0,336000000.0,8000000.0,21840000.0,365840000.0
11407181723,4,135.65136679812,1,CharmahalBakhtiari,7,0.0,0.0,7500000.0,16380000.0,23880000.0
11407181808,1,135.65136679812,1,CharmahalBakhtiari,7,126000000.0,0.0,19500000.0,10920000.0,156420000.0
11407181811,1,135.65136679812,1,CharmahalBakhtiari,7,0.0,0.0,59500000.0,5460000.0,64960000.0
11407181814,1,135.65136679812,1,CharmahalBakhtiari,7,174000000.0,300000000.0,99840000.0,32760000.0,606600000.0
11407181817,1,135.65136679812,1,CharmahalBakhtiari,7,0.0,112000000.0,3000000.0,21840000.0,136840000.0
11407181820,1,135.65136679812,1,CharmahalBakhtiari,7,192000000.0,0.0,5500000.0,21840000.0,219340000.0
11407181823,1,135.65136679812,1,CharmahalBakhtiari,7,0.0,110000000.0,98840000.0,10920000.0,219760000.0
11407181908,2,135.65136679812,1,CharmahalBakhtiari,7,0.0,0.0,60750000.0,5460000.0,66210000.0
11407181911,2,135.65136679812,1,CharmahalBakhtiari,7,0.0,130000000.0,30000000.0,10920000.0,170920000.0
11407181914,2,135.65136679812,1,CharmahalBakhtiari,7,126000000.0,0.0,207900000.0,17290000.0,351190000.0
11407181917,2,135.65136679812,1,CharmahalBakhtiari,7,0.0,40000000.0,60000000.0,5460000.0,105460000.0
11407181920,2,135.65136679812,1,CharmahalBakhtiari,7,0.0,0.0,144900000.0,10920000.0,155820000.0
11407181923,2,135.65136679812,1,CharmahalBakhtiari,7,0.0,0.0,70750000.0,5460000.0,76210000.0
11407182008,3,162.781640157744,1,CharmahalBakhtiari,7,373210000.0,420000000.0,2000000.0,32760000.0,827970000.0
11407182011,3,162.781640157744,1,CharmahalBakhtiari,7,0.0,394000000.0,1730000.0,21840000.0,417570000.0
11407182017,3,162.781640157744,1,CharmahalBakhtiari,7,0.0,480000000.0,0.0,16380000.0,496380000.0
11407182020,3,162.781640157744,1,CharmahalBakhtiari,7,0.0,0.0,86380000.0,0.0,86380000.0
11407182023,3,162.781640157744,1,CharmahalBakhtiari,7,226000000.0,0.0,1350000.0,16380000.0,243730000.0
11408182108,4,118.267091242991,1,CharmahalBakhtiari,8,0.0,0.0,259520000.0,16380000.0,275900000.0
11408182111,4,118.267091242991,1,CharmahalBakhtiari,8,290565831.0,0.0,14880000.0,21840000.0,327285831.0
11408182114,4,118.267091242991,1,CharmahalBakhtiari,8,0.0,400000000.0,6520000.0,16380000.0,422900000.0
11408182117,4,118.267091242991,1,CharmahalBakhtiari,8,0.0,20000000.0,207800000.0,16380000.0,244180000.0
11408182120,4,118.267091242991,1,CharmahalBakhtiari,8,0.0,0.0,205650000.0,5460000.0,211110000.0
11408182123,4,118.267091242991,1,CharmahalBakhtiari,8,31238400.0,230000000.0,452500000.0,27300000.0,741038400.0
11408182208,1,118.267091242991,1,CharmahalBakhtiari,8,343850000.0,0.0,65000000.0,21840000.0,430690000.0
11408182211,1,118.267091242991,1,CharmahalBakhtiari,8,140000000.0,0.0,4750000.0,21840000.0,166590000.0
11408182214,1,118.267091242991,1,CharmahalBakhtiari,8,488550000.0,0.0,100000000.0,21840000.0,610390000.0
11408182217,1,118.267091242991,1,CharmahalBakhtiari,8,0.0,0.0,148000000.0,10920000.0,158920000.0
11408182220,1,118.267091242991,1,CharmahalBakhtiari,8,110000000.0,0.0,2250000.0,21840000.0,134090000.0
11408182223,1,118.267091242991,1,CharmahalBakhtiari,8,0.0,0.0,166000000.0,21840000.0,187840000.0
11408182308,2,141.920509491589,1,CharmahalBakhtiari,8,140000000.0,0.0,50600000.0,27300000.0,217900000.0
11408182311,2,141.920509491589,1,CharmahalBakhtiari,8,0.0,0.0,424000000.0,16380000.0,440380000.0
11408182314,2,141.920509491589,1,CharmahalBakhtiari,8,180190000.0,0.0,0.0,16380000.0,196570000.0
11408182320,2,141.920509491589,1,CharmahalBakhtiari,8,0.0,0.0,240000000.0,21840000.0,261840000.0
11408182323,2,141.920509491589,1,CharmahalBakhtiari,8,370169920.0,0.0,0.0,21840000.0,392009920.0
11408182408,3,118.267091242991,1,CharmahalBakhtiari,8,220000000.0,0.0,1350000.0,16380000.0,237730000.0
11408182411,3,118.267091242991,1,CharmahalBakhtiari,8,0.0,-30000000.0,181000000.0,10920000.0,161920000.0
11408182414,3,118.267091242991,1,CharmahalBakhtiari,8,180000000.0,0.0,2000000.0,27300000.0,209300000.0
11408182417,3,118.267091242991,1,CharmahalBakhtiari,8,234000000.0,0.0,190000000.0,21840000.0,445840000.0
11408182420,3,118.267091242991,1,CharmahalBakhtiari,8,0.0,200000000.0,45000000.0,21840000.0,266840000.0
11408182423,3,118.267091242991,1,CharmahalBakhtiari,8,212000000.0,0.0,0.0,10920000.0,222920000.0
11408182508,4,118.267091242991,1,CharmahalBakhtiari,8,0.0,250000000.0,0.0,10920000.0,260920000.0
11408182511,4,118.267091242991,1,CharmahalBakhtiari,8,0.0,250000000.0,0.0,10920000.0,260920000.0
11408182514,4,118.267091242991,1,CharmahalBakhtiari,8,0.0,0.0,5500000.0,16380000.0,21880000.0
11408182517,4,118.267091242991,1,CharmahalBakhtiari,8,0.0,0.0,211030000.0,10920000.0,221950000.0
11408182520,4,118.267091242991,1,CharmahalBakhtiari,8,305640000.0,360000000.0,1720000.0,21840000.0,689200000.0
11408182523,4,118.267091242991,1,CharmahalBakhtiari,8,444650000.0,0.0,0.0,21840000.0,466490000.0
11408182608,1,118.267091242991,1,CharmahalBakhtiari,8,0.0,0.0,162000000.0,5460000.0,167460000.0
11408182611,1,118.267091242991,1,CharmahalBakhtiari,8,320000000.0,0.0,2000000.0,16380000.0,338380000.0
11408182614,1,118.267091242991,1,CharmahalBakhtiari,8,0.0,0.0,111500000.0,5460000.0,116960000.0
11408182617,1,118.267091242991,1,CharmahalBakhtiari,8,0.0,0.0,117500000.0,27300000.0,144800000.0
11408182620,1,118.267091242991,1,CharmahalBakhtiari,8,20000000.0,360000000.0,0.0,21840000.0,401840000.0
11408182623,1,118.267091242991,1,CharmahalBakhtiari,8,0.0,220000000.0,375322500.0,21840000.0,617162500.0
11408182708,2,118.267091242991,1,CharmahalBakhtiari,8,0.0,0.0,114000000.0,5460000.0,119460000.0
11408182711,2,118.267091242991,1,CharmahalBakhtiari,8,180000000.0,0.0,1420000.0,10920000.0,192340000.0
11408182714,2,118.267091242991,1,CharmahalBakhtiari,8,0.0,120000000.0,2000000.0,10920000.0,132920000.0
11408182717,2,118.267091242991,1,CharmahalBakhtiari,8,212000000.0,0.0,2500000.0,16380000.0,230880000.0
11408182720,2,118.267091242991,1,CharmahalBakhtiari,8,0.0,0.0,618420000.0,43680000.0,662100000.0
11408182723,2,118.267091242991,1,CharmahalBakhtiari,8,0.0,0.0,303680000.0,10920000.0,314600000.0
11409182808,3,122.162581731891,1,CharmahalBakhtiari,9,150000000.0,0.0,0.0,16380000.0,166380000.0
11409182811,3,122.162581731891,1,CharmahalBakhtiari,9,0.0,0.0,21000000.0,5460000.0,26460000.0
11409182814,3,122.162581731891,1,CharmahalBakhtiari,9,0.0,240000000.0,0.0,16380000.0,256380000.0
11409182817,3,122.162581731891,1,CharmahalBakhtiari,9,84000000.0,190000000.0,0.0,21840000.0,295840000.0
11409182820,3,122.162581731891,1,CharmahalBakhtiari,9,200000000.0,0.0,287400000.0,32760000.0,520160000.0
11409182823,3,122.162581731891,1,CharmahalBakhtiari,9,549350000.0,0.0,1200000.0,21840000.0,572390000.0
11409182908,4,146.595098078269,1,CharmahalBakhtiari,9,0.0,190000000.0,3090000.0,10920000.0,204010000.0
11409182911,4,146.595098078269,1,CharmahalBakhtiari,9,305595831.0,0.0,4140000.0,16380000.0,326115831.0
11409182914,4,146.595098078269,1,CharmahalBakhtiari,9,279360000.0,0.0,4140000.0,16380000.0,299880000.0
11409182917,4,146.595098078269,1,CharmahalBakhtiari,9,317595831.0,0.0,5250000.0,21840000.0,344685831.0
11409182920,4,146.595098078269,1,CharmahalBakhtiari,9,0.0,0.0,202090000.0,10920000.0,213010000.0
11409183008,1,122.162581731891,1,CharmahalBakhtiari,9,48000000.0,30000000.0,94500000.0,21840000.0,194340000.0
11409183011,1,122.162581731891,1,CharmahalBakhtiari,9,144000000.0,0.0,2500000.0,16380000.0,162880000.0
11409183014,1,122.162581731891,1,CharmahalBakhtiari,9,0.0,0.0,48850000.0,5460000.0,54310000.0
11409183017,1,122.162581731891,1,CharmahalBakhtiari,9,0.0,0.0,75850000.0,5460000.0,81310000.0
11409183020,1,122.162581731891,1,CharmahalBakhtiari,9,160000000.0,0.0,52500000.0,18200000.0,230700000.0
11409183023,1,122.162581731891,1,CharmahalBakhtiari,9,225000000.0,0.0,4500000.0,21840000.0,251340000.0
11409183108,2,146.595098078269,1,CharmahalBakhtiari,9,0.0,0.0,1000000.0,21840000.0,22840000.0
11409183111,2,146.595098078269,1,CharmahalBakhtiari,9,0.0,0.0,342000000.0,10920000.0,352920000.0
11409183114,2,146.595098078269,1,CharmahalBakhtiari,9,0.0,133000000.0,3000000.0,26390000.0,162390000.0
11409183117,2,146.595098078269,1,CharmahalBakhtiari,9,263175000.0,0.0,2000000.0,16380000.0,281555000.0
11409183123,2,146.595098078269,1,CharmahalBakhtiari,9,0.0,290000000.0,2000000.0,21840000.0,313840000.0
11409183208,3,146.595098078269,1,CharmahalBakhtiari,9,0.0,0.0,282800000.0,5460000.0,288260000.0
11409183211,3,146.595098078269,1,CharmahalBakhtiari,9,211438000.0,0.0,2750000.0,5460000.0,219648000.0
11409183217,3,146.595098078269,1,CharmahalBakhtiari,9,370000000.0,0.0,3000000.0,16380000.0,389380000.0
11409183220,3,146.595098078269,1,CharmahalBakhtiari,9,374530000.0,0.0,6750000.0,21840000.0,403120000.0
11409183223,3,146.595098078269,1,CharmahalBakhtiari,9,0.0,0.0,450240000.0,5460000.0,455700000.0
11409183308,4,146.595098078269,1,CharmahalBakhtiari,9,275000000.0,240000000.0,25160000.0,21840000.0,562000000.0
11409183311,4,146.595098078269,1,CharmahalBakhtiari,9,220000000.0,47000000.0,12140000.0,16380000.0,295520000.0
11409183314,4,146.595098078269,1,CharmahalBakhtiari,9,286000000.0,100000000.0,8150000.0,27300000.0,421450000.0
11409183317,4,146.595098078269,1,CharmahalBakhtiari,9,0.0,375000000.0,11150000.0,27300000.0,413450000.0
11409183323,4,146.595098078269,1,CharmahalBakhtiari,9,0.0,0.0,38520000.0,10920000.0,49440000.0
11409183408,1,122.162581731891,1,CharmahalBakhtiari,9,0.0,0.0,4000000.0,16380000.0,20380000.0
11409183411,1,122.162581731891,1,CharmahalBakhtiari,9,208090000.0,140000000.0,32400000.0,16380000.0,396870000.0
11409183414,1,122.162581731891,1,CharmahalBakhtiari,9,0.0,0.0,244650000.0,21840000.0,266490000.0
11409183417,1,122.162581731891,1,CharmahalBakhtiari,9,220892500.0,100000000.0,4000000.0,10920000.0,335812500.0
11409183420,1,122.162581731891,1,CharmahalBakhtiari,9,0.0,0.0,81500000.0,10920000.0,92420000.0
11409183423,1,122.162581731891,1,CharmahalBakhtiari,9,168000000.0,140000000.0,285250000.0,38220000.0,631470000.0
11409183508,2,122.162581731891,1,CharmahalBakhtiari,9,177400000.0,69000000.0,344000000.0,16380000.0,606780000.0
11409183511,2,122.162581731891,1,CharmahalBakhtiari,9,120000000.0,0.0,400000.0,27300000.0,147700000.0
11409183514,2,122.162581731891,1,CharmahalBakhtiari,9,0.0,0.0,231250000.0,38220000.0,269470000.0
11409183517,2,122.162581731891,1,CharmahalBakhtiari,9,250000000.0,0.0,3000000.0,21840000.0,274840000.0
11409183520,2,122.162581731891,1,CharmahalBakhtiari,9,236000000.0,-2000000.0,2000000.0,21840000.0,257840000.0
11409183523,2,122.162581731891,1,CharmahalBakhtiari,9,120000000.0,0.0,900000.0,21840000.0,142740000.0
